{
  "openapi" : "3.0.3",
  "info" : {
    "title" : "Anakha's Book Store",
    "description" : "Hey there!<br>\n  Looking for some interesting books to read?<br>\n  Then this is the right place for u.\n  Have a good read!\n  ",
    "termsOfService" : "http://swagger.io/terms/",
    "contact" : {
      "email" : "apiteam@swagger.io"
    },
    "license" : {
      "name" : "Apache 2.0",
      "url" : "http://www.apache.org/licenses/LICENSE-2.0.html"
    },
    "version" : "1.0.11"
  },
  "externalDocs" : {
    "description" : "Find out more about the store",
    "url" : "http://swagger.io"
  },
  "servers" : [ {
    "url" : "https://bookstore.swagger.io/api/v3"
  } ],
  "tags" : [ {
    "name" : "book",
    "description" : "Any Book you want",
    "externalDocs" : {
      "description" : "Find out more",
      "url" : "http://swagger.io"
    }
  }, {
    "name" : "Authors",
    "description" : "Description About Authors"
  }, {
    "name" : "Publishers",
    "description" : "Description about publishers"
  }, {
    "name" : "Members",
    "description" : "Description about members"
  }, {
    "name" : "Loans"
  } ],
  "paths" : {
    "/book" : {
      "put" : {
        "tags" : [ "book" ],
        "summary" : "Update details of existing book",
        "description" : "Update details of existing book by Id",
        "operationId" : "updatePet",
        "requestBody" : {
          "description" : "Update an existent book in the store",
          "content" : {
            "application/json" : {
              "schema" : {
                "$ref" : "#/components/schemas/Book"
              }
            },
            "application/xml" : {
              "schema" : {
                "$ref" : "#/components/schemas/Book"
              }
            },
            "application/x-www-form-urlencoded" : {
              "schema" : {
                "$ref" : "#/components/schemas/Book"
              }
            }
          },
          "required" : true
        },
        "responses" : {
          "200" : {
            "description" : "Successful operation",
            "content" : {
              "application/json" : {
                "schema" : {
                  "$ref" : "#/components/schemas/Book"
                }
              },
              "application/xml" : {
                "schema" : {
                  "$ref" : "#/components/schemas/Book"
                }
              }
            }
          },
          "400" : {
            "description" : "Invalid ID supplied"
          },
          "404" : {
            "description" : "Book not found"
          },
          "405" : {
            "description" : "Validation exception"
          }
        }
      },
      "post" : {
        "tags" : [ "book" ],
        "summary" : "Add a new book to the store",
        "description" : "Add a new book to the store",
        "operationId" : "addPet",
        "requestBody" : {
          "description" : "Create a new book in the store",
          "content" : {
            "application/json" : {
              "schema" : {
                "$ref" : "#/components/schemas/Book"
              }
            },
            "application/xml" : {
              "schema" : {
                "$ref" : "#/components/schemas/Book"
              }
            },
            "application/x-www-form-urlencoded" : {
              "schema" : {
                "$ref" : "#/components/schemas/Book"
              }
            }
          },
          "required" : true
        },
        "responses" : {
          "200" : {
            "description" : "Successful operation",
            "content" : {
              "application/json" : {
                "schema" : {
                  "$ref" : "#/components/schemas/Book"
                }
              },
              "application/xml" : {
                "schema" : {
                  "$ref" : "#/components/schemas/Book"
                }
              }
            }
          },
          "405" : {
            "description" : "Invalid input"
          }
        }
      }
    },
    "/book/find" : {
      "get" : {
        "tags" : [ "book" ],
        "summary" : "Find book",
        "description" : "Multiple status values can be provided with comma separated strings",
        "operationId" : "findPetsByStatus",
        "parameters" : [ {
          "name" : "status",
          "in" : "query",
          "description" : "Status values that need to be considered for filter",
          "required" : false,
          "style" : "form",
          "explode" : true,
          "schema" : {
            "type" : "string",
            "default" : "available",
            "enum" : [ "available", "pending", "sold" ]
          }
        } ],
        "responses" : {
          "200" : {
            "description" : "successful operation",
            "content" : {
              "application/json" : {
                "schema" : {
                  "type" : "array",
                  "items" : {
                    "$ref" : "#/components/schemas/Book"
                  },
                  "x-content-type" : "application/json"
                }
              },
              "application/xml" : {
                "schema" : {
                  "type" : "array",
                  "items" : {
                    "$ref" : "#/components/schemas/Book"
                  }
                }
              }
            }
          },
          "400" : {
            "description" : "Invalid status value"
          }
        }
      }
    },
    "/book/{bookId}" : {
      "get" : {
        "tags" : [ "book" ],
        "summary" : "Find book by ID",
        "description" : "Returns a single book",
        "operationId" : "getPetById",
        "parameters" : [ {
          "name" : "bookId",
          "in" : "path",
          "description" : "ID of book to return",
          "required" : true,
          "style" : "simple",
          "explode" : false,
          "schema" : {
            "type" : "integer",
            "format" : "int64"
          }
        } ],
        "responses" : {
          "200" : {
            "description" : "successful operation",
            "content" : {
              "application/json" : {
                "schema" : {
                  "$ref" : "#/components/schemas/Book"
                }
              },
              "application/xml" : {
                "schema" : {
                  "$ref" : "#/components/schemas/Book"
                }
              }
            }
          },
          "400" : {
            "description" : "Invalid ID supplied"
          },
          "404" : {
            "description" : "book not found"
          }
        }
      },
      "delete" : {
        "tags" : [ "book" ],
        "summary" : "Deletes a book",
        "description" : "delete a book",
        "operationId" : "deletePet",
        "parameters" : [ {
          "name" : "api_key",
          "in" : "header",
          "description" : "",
          "required" : false,
          "style" : "simple",
          "explode" : false,
          "schema" : {
            "type" : "string"
          }
        }, {
          "name" : "bookId",
          "in" : "path",
          "description" : "book id to delete",
          "required" : true,
          "style" : "simple",
          "explode" : false,
          "schema" : {
            "type" : "integer",
            "format" : "int64"
          }
        } ],
        "responses" : {
          "400" : {
            "description" : "Invalid book id value"
          }
        }
      }
    }
  },
  "components" : {
    "schemas" : {
      "Book" : {
        "required" : [ "ID", "title" ],
        "type" : "object",
        "properties" : {
          "ID" : {
            "type" : "integer",
            "example" : 100
          },
          "title" : {
            "type" : "string",
            "example" : "Naga"
          },
          "author" : {
            "type" : "string",
            "example" : "Narayan"
          },
          "publisher" : {
            "type" : "string",
            "example" : "RS publishers"
          },
          "ISBN" : {
            "type" : "string",
            "example" : "FDr567"
          },
          "pubdate" : {
            "type" : "string",
            "example" : "31-Jan-2021"
          },
          "nopg" : {
            "type" : "integer",
            "example" : 450
          },
          "genre" : {
            "type" : "string",
            "example" : "fiction"
          }
        },
        "example" : {
          "ISBN" : "FDr567",
          "author" : "Narayan",
          "genre" : "fiction",
          "publisher" : "RS publishers",
          "ID" : 100,
          "nopg" : 450,
          "title" : "Naga",
          "pubdate" : "31-Jan-2021"
        }
      }
    }
  }
}
